{
  "timestamp": "2025-10-30 06:04:05",
  "models_evaluated": 3,
  "best_model": "XGBoost",
  "results": [
    {
      "model_name": "SVM",
      "accuracy": 0.6428571428571429,
      "precision": 0.6641568844745775,
      "recall": 0.6428571428571429,
      "f1_score": 0.649424303239327,
      "classification_report": {
        "caminar_de_regreso": {
          "precision": 0.5206611570247934,
          "recall": 0.6684350132625995,
          "f1-score": 0.5853658536585366,
          "support": 377.0
        },
        "caminar_hacia_camara": {
          "precision": 0.75,
          "recall": 0.6666666666666666,
          "f1-score": 0.7058823529411765,
          "support": 972.0
        },
        "girar": {
          "precision": 0.7440860215053764,
          "recall": 0.6497652582159624,
          "f1-score": 0.693734335839599,
          "support": 1065.0
        },
        "ponerse_de_pie": {
          "precision": 0.5945945945945946,
          "recall": 0.6875,
          "f1-score": 0.6376811594202898,
          "support": 256.0
        },
        "sentarse": {
          "precision": 0.39111111111111113,
          "recall": 0.4971751412429379,
          "f1-score": 0.43781094527363185,
          "support": 354.0
        },
        "accuracy": 0.6428571428571429,
        "macro avg": {
          "precision": 0.6000905768471752,
          "recall": 0.6339084158776332,
          "f1-score": 0.6120949294266467,
          "support": 3024.0
        },
        "weighted avg": {
          "precision": 0.6641568844745775,
          "recall": 0.6428571428571429,
          "f1-score": 0.649424303239327,
          "support": 3024.0
        }
      },
      "confusion_matrix": [
        [
          252,
          23,
          70,
          5,
          27
        ],
        [
          58,
          648,
          86,
          74,
          106
        ],
        [
          137,
          96,
          692,
          14,
          126
        ],
        [
          8,
          40,
          17,
          176,
          15
        ],
        [
          29,
          57,
          65,
          27,
          176
        ]
      ]
    },
    {
      "model_name": "Random Forest",
      "accuracy": 0.7863756613756614,
      "precision": 0.7979368469580376,
      "recall": 0.7863756613756614,
      "f1_score": 0.7895371078188299,
      "classification_report": {
        "caminar_de_regreso": {
          "precision": 0.6981981981981982,
          "recall": 0.8222811671087533,
          "f1-score": 0.7551766138855055,
          "support": 377.0
        },
        "caminar_hacia_camara": {
          "precision": 0.8744292237442922,
          "recall": 0.7880658436213992,
          "f1-score": 0.829004329004329,
          "support": 972.0
        },
        "girar": {
          "precision": 0.8435923309788093,
          "recall": 0.7849765258215963,
          "f1-score": 0.8132295719844358,
          "support": 1065.0
        },
        "ponerse_de_pie": {
          "precision": 0.7580071174377224,
          "recall": 0.83203125,
          "f1-score": 0.7932960893854749,
          "support": 256.0
        },
        "sentarse": {
          "precision": 0.5856481481481481,
          "recall": 0.7146892655367232,
          "f1-score": 0.6437659033078881,
          "support": 354.0
        },
        "accuracy": 0.7863756613756614,
        "macro avg": {
          "precision": 0.751975003701434,
          "recall": 0.7884088104176944,
          "f1-score": 0.7668945015135267,
          "support": 3024.0
        },
        "weighted avg": {
          "precision": 0.7979368469580376,
          "recall": 0.7863756613756614,
          "f1-score": 0.7895371078188299,
          "support": 3024.0
        }
      },
      "confusion_matrix": [
        [
          310,
          9,
          35,
          1,
          22
        ],
        [
          32,
          766,
          70,
          42,
          62
        ],
        [
          84,
          57,
          836,
          5,
          83
        ],
        [
          5,
          16,
          10,
          213,
          12
        ],
        [
          13,
          28,
          40,
          20,
          253
        ]
      ]
    },
    {
      "model_name": "XGBoost",
      "accuracy": 0.7886904761904762,
      "precision": 0.7917245540548266,
      "recall": 0.7886904761904762,
      "f1_score": 0.7896076109662803,
      "classification_report": {
        "caminar_de_regreso": {
          "precision": 0.7194244604316546,
          "recall": 0.7957559681697612,
          "f1-score": 0.7556675062972292,
          "support": 377.0
        },
        "caminar_hacia_camara": {
          "precision": 0.859802847754655,
          "recall": 0.8076131687242798,
          "f1-score": 0.8328912466843501,
          "support": 972.0
        },
        "girar": {
          "precision": 0.8174077578051088,
          "recall": 0.8112676056338028,
          "f1-score": 0.8143261074458058,
          "support": 1065.0
        },
        "ponerse_de_pie": {
          "precision": 0.7490909090909091,
          "recall": 0.8046875,
          "f1-score": 0.775894538606403,
          "support": 256.0
        },
        "sentarse": {
          "precision": 0.6353591160220995,
          "recall": 0.6497175141242938,
          "f1-score": 0.6424581005586593,
          "support": 354.0
        },
        "accuracy": 0.7886904761904762,
        "macro avg": {
          "precision": 0.7562170182208854,
          "recall": 0.7738083513304275,
          "f1-score": 0.7642474999184895,
          "support": 3024.0
        },
        "weighted avg": {
          "precision": 0.7917245540548266,
          "recall": 0.7886904761904762,
          "f1-score": 0.7896076109662803,
          "support": 3024.0
        }
      },
      "confusion_matrix": [
        [
          300,
          12,
          52,
          1,
          12
        ],
        [
          30,
          785,
          66,
          39,
          52
        ],
        [
          72,
          64,
          864,
          7,
          58
        ],
        [
          3,
          26,
          11,
          206,
          10
        ],
        [
          12,
          26,
          64,
          22,
          230
        ]
      ]
    }
  ]
}