{
  "n_selected_features": 15,
  "selected_feature_names": [
    "left_knee_angle",
    "right_knee_angle",
    "left_elbow_angle",
    "right_elbow_angle",
    "left_wrist_dist",
    "x_0",
    "y_0",
    "z_0",
    "v_0",
    "x_1",
    "y_1",
    "z_1",
    "v_1",
    "x_2",
    "y_2"
  ],
  "feature_importances": [
    0.13618022203445435,
    0.08825374394655228,
    0.11743991822004318,
    0.09100768715143204,
    0.1291741132736206,
    0.0631852075457573,
    0.05052821710705757,
    0.05003528296947479,
    0.04503249004483223,
    0.0553770437836647,
    0.03435254842042923,
    0.03599327802658081,
    0.037736792117357254,
    0.03180119767785072,
    0.03390214219689369
  ],
  "selection_method": "assumed_first_n"
}